,0
0,farzaneh.cosmetic
1,atena.shakori76
2,1215dtd
3,handmade_bracelet_green
4,pooshak_mahyass
5,klick_beauty
6,shahriar_a
7,socks_diamond1
8,nicktest99
9,ledora1400.beautycenter
10,empire_hassani
11,clip_art2021
12,__estekhdam.2021__
13,zahrasadat870
14,brand_boutique_bnd
15,sweet_kiitcheen
16,chico.baft
17,temisfood
18,_sahel__gallery
19,sooo.gallery
20,hanieh757
21,hanil_designer
22,love_kizhan
23,f.saboui
24,yasnahosna97
25,mahsa.sin.art
26,bahramii_farshineh_danyial
27,sodi.yeylaghi
28,reyhanejamhiri
29,romaan_shop_kids1
30,masadiar8776
31,applyportal
32,gallery.sahaara.96
33,takdookhttttt
34,_abolfazl_mahmoodii_
35,baby.shop.22
36,cake.alma.dez
37,vania__scarf
38,ehsan.rezvani3141
39,shadionlineshop
40,haftrang_7rang
41,sara1376968
42,jahaz87
43,eve_mzd
44,iamshadan70
45,elhamsalehi189
46,lotus.handmade_shop
47,majaan_baby_shop
48,mahsapourzandii
49,ir.karmand666
50,malakeh_majlesi
51,baaraanjooon
52,mahsadastour1376
53,cake_cooker_girl
54,niloo__rmzni
55,baleka_boutique
56,hodanooriiii
57,baran0shop
58,chap__gallery
59,scarf__artemis
60,poshah1398
61,rahaeyelash_extensions
62,raha.ttaa
63,temis_support
64,hamrahe.ham.ta.movafaghiat
65,minaco_cookie
66,twinsisters.parisan
67,helen_gallery2021
68,pouya_hf
69,galery__peranses99
70,shahlamoradi2777
71,erudite.english
72,mmmnn_nbbb111
73,niloofar_azizii78
74,laser_unique.esfahan
75,maya._.ghab_
76,my_immigration_stories
77,tabadolism
78,rangmoo_ghasedak
79,razieh.bardeji
80,mostafa_eterafi
81,englishinuse_ir
82,fati_food1
83,oriflamecity2020
84,a.y.d.aa_ebrahimi
85,nimasina_toy
86,persian_brides1
87,bzkgallery
88,siahghalam2030
89,mezon_fira
90,saraa.25250
91,paytakht__mobile__shop
92,kasht_iran20
93,samaneh_ghadami57
94,maryam.hosseini291
95,yalda_pushak99
96,amlakvila0121
97,sheyda_naziri.a
98,chapartist
99,roya_ramezanzadeh
100,martaaccessoriies
101,sama.beautii
102,khoone_honar
103,onlinehealthbeauty
104,venus.gallery.best
105,nasim_8510
106,to_exercise
107,zahra_shirazi1400
108,biz.vivifier.2020
109,yekta_cake_institute
110,azadeh_t_art
111,shoping_pardis45
112,roshak.shop
113,poushak.kadh
114,sunshop_canada
115,ala_shop1400
116,nickvisa
117,imahsan2017
118,arayeshii_mehromah
119,saba13449
120,_ahoura_88
121,pirasteh.shoes
122,pinkbeauti2
123,gallery_accessory_anashid
124,dekori_shiko_arzan
125,mahdie.nail__
126,1370mina2020
127,art_.galleri
128,marset.scarf
129,oriflame_orginal
130,faryar_decor
131,parrriii1386
132,digipadra.adv2
133,mysupport97
134,baby.vorojak
135,ninicity20
136,nahalll37
137,idehaye_naabb
138,kik.i6693
139,dicimarket
140,fandakland
141,hvac_faraz_nasim
142,mohammadvalizadeh0098
143,rangam_gallery
144,mar.jan.jann
145,decori_homee
146,my_sound_2030
147,abbas_gholamreza48
148,elindeckor
149,irinirin2021
150,onlineshop_ladybird
151,fatemeh.sharifi7495
152,shahkarland
153,pouriarahimi1987
154,sh_bz71
155,gallery.sahaara2
156,marziehaj
157,micacosmetic_
158,tabrizstyle_
159,riri._.shoes
160,perandosh4274
161,_negar_.9
162,maral_eb
163,lawyer.dassant.fr
164,royal_homate
165,irankarmand8015
166,ghasr_termeh
167,hosein_sayad29
168,hesam_.family
169,ganoderma.goldenking.tehran
170,m71_h_
171,mostafaaa144
172,ayande_khanom
173,ronaonlinestore
174,poster_makerr
175,shaylimezon2
176,bita3_22
177,saaraa.saafaar
178,mokiiiia
179,_videoediting._
180,fershteh.sa
181,yashiil_wood
182,hibba_shop
183,sepidar_art13
184,leelandpark
185,abitalaa
186,nri.ideas
187,_.onlineshop_oriflame
188,alireza_reis_mohammadi
189,boutique_elif_
190,maryam.fatalii
191,afsaneh.shakhsi
192,sara_candlegallery
193,khateresaeidi
194,princess.zibaa
195,khod.a4403
196,rayka_shoes20
197,dancingirani1
198,kad__group
199,magic_needlee
200,pttosvid
201,pariya_19950
202,jana.accecory.online
203,glorias.n_shop
204,rubanclothes
205,halileh_ir
206,panihandmade
207,drmasoodjafari
208,zaban.andish
209,ramila.underwear
210,sun.bootik
211,_farnaz.saeedi74_
212,mania.m.shopping
213,arayeshi_parto
214,yass_beauty_clinic
215,mehrnosh_saadat
216,pileh__shop
217,peyman_saadati0207
218,sara_galleries
219,calmaa_gallery
220,roya62gallery
221,fun_niloo
222,zebra_fashion_house
223,maryaam_gallery
224,musglish
225,fatemeh.bh65
226,turkishstyle20
227,mosafer.gallery
228,art.khordadgallery
229,beauty.shop.shahrzad
230,zangtafrih_
231,fatima.787.z
232,hemayat9010
233,lr_fashionhouse
234,teen__funn
235,m.e.561371
236,pokeemon_shop
237,tannaz_stile
238,nafise_health_beauty
239,khoshset
240,poshakgoli3
241,zarin_set
242,almas__mezon_
243,tamis_dokht
244,noori_silver
245,roos_beauty_97
246,liya.onlineshop
247,kifokafshe.helsa
248,parifam4
249,lux_watch_tap
250,elka_kids_shop
251,hamodak_
252,benyamin_krimi_1448
253,kif_yasbano
254,zahra.taremi.rad
255,golii.moi
256,badina_iran
257,vahid_azari777
258,matic_makeup
259,hoyana_group
260,razhan.lifestyle
261,_imzah9ra_
262,scarf_mezonshokofeh
263,neda___shahbazi
264,skincare_maahsa
265,nedaa._.dn
266,ladyshop2094
267,hanajean_lady
268,tattoo_maral
269,_fateme323
270,sam_jaaani
271,pasargad_metaldetector
272,arayeshi_arzan_avin
273,yummy_bakery2005
274,hana_cosmetic20
275,saghehclothing
276,leather_melinam
277,kharidoforosh.lahijan
278,ninipanda_shop
279,delviin_cake
280,shik.posh.style
281,zahradehini
282,deli.knot.art
283,ftm.gol.855
284,oriflame_shoop_m
285,melkmelkmelkmelkmelk
286,mezone_mahan
287,super_123_golsar
288,galleri_cactus_
289,edikala.ir
290,fard.vakil
291,safebyuss
292,kaghaz_divari_arzann
293,mity.rezapure
294,setkade_deniz98
295,maral.handicraft
296,shikpoush01
297,miss_ashpazbashi
298,sonamarket99
299,hasanzade.jewelry
300,dandelion_woood
301,hamsa_shoes
302,kahrobagallerynew
303,reza.ghaleh
304,samira.handcraft
305,cactus._.professional
306,shikposhman99
307,sarab__eshggh
308,jahanmah_beauty_original
309,bourse_noghreh
310,asal.sml
311,elahe___samadi
312,mahgol_gallery__
313,poshakkodak.goli4
314,goliya73
315,maryamrezva_57
316,lebas_majlesi_shirazstanbol
317,choomanoutlete
318,plusprotein_beh
319,aida_jamhiri
320,atii.7066
321,baran_942444
322,pooshak_markazii
323,n_vl_77
324,najme_firoozani
325,bamse.kids
326,ledora.farzane.beauty
327,sismooni_vaniya.yar
328,sarto_design_off
329,narmella_cake
330,arkaan_babyshop
331,parmis_azadii
332,night_galory
333,cadorangi
334,nayme.1996.s
335,tarhe.kimiii
336,____miss.kimia____
337,narika_mezon.img
338,farzane.terico
339,mahinrokh.ir
340,zahra_nikoumanesh
341,sungol71
342,razieh6907
343,rose.baftani
344,sara.taekwondo2
345,avishan_health
346,felezyab_azarbayejan
347,molod2953
348,parla84_shoess
349,lebas_kodak_market
350,tablighat_55
